<?xml version="1.0" encoding="UTF-8" standalone="yes"?>
<addon id="plugin.video.MegaBoxTV"
       name="[B][COLOR white].Megabox[COLOR dodgerblue] TV[/COLOR][/B]"
       version="1.1"
       provider-name="MegaBoxTV. By Gunboy">
  <requires>
    <import addon="xbmc.python" version="2.1.0"/>
	<import addon="script.module.t0mm0.common" version="2.0.0"/>
    <import addon="script.module.beautifulsoup" version="3.2.1"/>
    <import addon="script.module.simple.downloader" version="0.9.4"/>
    <import addon="script.module.beautifulsoup4"/>
    <import addon="script.module.simple.downloader" version="0.9.4"/>
    <import addon="script.module.requests" />
    <import addon="script.module.httplib2" />
    <import addon="script.module.youtube.dl" optional="true"/>
    <import addon="plugin.video.youtube" version="3.0.0"/>
    <import addon="script.module.urlresolver"/>
    <import addon="script.module.simplejson" /> 
    <import addon="script.common.plugin.cache" version="2.5.2"/>
    <import addon="script.module.metahandler" version="2.5.1"/>
	<import addon="script.module.livestreamer" optional="true"/>
	
  </requires>
  <extension point="xbmc.python.pluginsource" library="default.py">
    <provides>video</provides>
  </extension>
  <extension point="xbmc.addon.metadata">
    <summary lang="en">MegaBoxTV. By Gunboy</summary>
    <description lang="en">MegaBoxTV Addon de Filmes Torrent – Séries  Torrent HD 1080p , 720p  Bluray Dual Áudio.
Nota: esse addon só funciona com o Addon Quasar.</description>
    <platform>all</platform>
  </extension>
</addon>
