<?xml version="1.0" encoding="UTF-8" standalone="yes"?>
<addon id="plugin.video.BUILDMegaboxTV" name="MegaboxTV Wizard" version="0.0.2" provider-name="MegaboxTVBUILD">
  <requires>
    <import addon="xbmc.python" version="2.1.0"/>
  </requires>
  <extension point="xbmc.python.pluginsource" library="default.py">
        <provides>video executable</provides>
  </extension>
  <extension point="xbmc.addon.metadata">
		<summary lang="en">MegaboxTV Wizard</summary>
		<description lang="en">MegaboxTV wizard </description>
		<disclaimer lang="en">MegaboxTV WIZARD.</disclaimer>
		<forum>none</forum>
		<source>https://www.facebook.com/MegaBoxtvKODI/</source>
		<website>https://www.facebook.com/MegaBoxtvKODI/</website>
		<platform>all</platform>
	</extension>
</addon>
